text,classification
as radios sao controladas por politicos so precisavam do presidente certo pra ganhar o presente muita gente  vai xiar o am tem maior alcance,0
estes politicos ai de brasilia praticamente nenhum tem ficha limpa sao os maiores ladroes do brasil,0
caro presidente temer quando o sr falar em cortar na propria carne por favor comece pelas mordomias dos srs inclusive a aposentadoria do sr previdencia diferenciada para politicos e o primeiro item a ser observado e nao a do empacotador do mercado da esquina nao zombe da minha inteligencia por gentileza   ,0
acordem trouxinhas a casa esta caindo,0
dali ele foi pro panama para acabar de esconder o butim,0
so ha justica para os pobres um pais onde os ricos ficam impune,0
essa esquerda que esta ai nao tem condicoes com linderberg gleisi fatima bezzeratotalmente insanos,0
oposicao a um governo que governa apenas para aelite ,0
rafael dois finalistas da libertadores do ano passado um deles titular da selecao equatoriana o outro futuro camisa  da selecao ambos ja sondados por clubes da europa quem vai dar certo mesmo e o conquinha com  anos e todo bichado kkkkkkkk,0
muito bom depois de doar bilhoes de u na vizinhanca agora foi colher dividendos,0
estamos pertinhos de um milhao de participantes acorda brasil,0
depois de tanto roubar nada melhor do que passear,0
desde que ele contribua e a gente levante a taca ta de boa o flamengo so vai pagar quando ele comecar a jogar mesmo,0
enquanto isso o teori segura a bronca no stf,0
se tite nao se tocar messi vai deitar no paulinhobrasil x,0
superfaturamento de tv e algum senador ou deputado coloca um  no bolso,0
ela ganhou um oreo do  tabare e num milenar ritual esquerdista esta oferecendo ao vento ,0
essa ministra trabalha a menos de  km dos hospitais de base e hran sera que pretende visitar os,0
depois que a russia montar uma base na venezuela o problema vai passar para eles,0
que materia espetacular em grs,0
atencao nova diretoria queremos um time competitivo em   ,0
mais umo povinho idota,0
esse povo nao esta nem ai pro brasil so querem ser contra,0
voce e um brincalhao ,0
kkk voces sao uns comedias,0
os politicos sao o reflexo do povo,0
o dirigente falou alguma mentira,0
dois mundias com uma libertadores ,0
o vitor nastari  voce esta e com a cabeca cheia kkkkkkkkk  imagine   kkkkkkkkkkkkkkkkkkkkkkkkkkkkk,0
desordem e regresso ,0
esse tem um empresario bom,0
ue e o cheirinho que voces estavam sentindo era de que,0
rindo da sua cara com  de desconto na aposentadoria e o seu troco por apoiar golpista ahahahah,0
isso e comum com times pequenos,0
em discurso cristiano declarou para de me secar neto,0
ficam um monte de mocinhas brigando por messi e cr virem homens,0
pare com esse vexame gente deixa este cara de lado,0
preparemse todos corte para concursos publicos poderao colocar seus apadrinhados com altos salarios sem concurso sem verbas para saude educacao e seguranca publica  aguardem aumento de assaltos para reduzir gastos bastaria fazer cortes nos altos salarios de cargos comissionados sem concurso e beneficios dos gestores,0
finalmente chegou  a hora de trabalhar pra ter as coisas nesse pais ja estava me sentindo um trouxa de trabalhar pra poder comprar minhas coisas ,0
torra se absurdo com politicos militares judiciario e o problema e o velhinho que com  pega um salario minimo,0
jhalim rabei ate fiquei assustado comecei a ler seu comentario pensei que ele connorlevava os meninos para tras da escola e dava a bunda para eles kkkkkkk,0
essa  muie nem drome nem da cuie nem brinca em fiuvicocuidado,0
realmente  mais o brasil  tem que muda essa situacao  se nao   nunca saira desse  mar de lama  ,0
deve ganhar o premio fifa foi o melhor da temporada,0
muita denuncia e pouca acao ,0
romariogtronaldogtzidanegtmessigtronaldinhogtcr,0
dinheiro a gente pega com quem tem nao com quem ta quebrado,0
fafa e daqueles  alunos que eram zuados na escola por isso paga de revoltadinho na internet ,0
eta dra carmem lucia a senhora esta se saindo uma grande marqueteira,0
sempre a admirei agora mais ainda      bela atitude  ,0
sai armario na mesma velocidade em que baixa a qualidade de seu futebol,0
o senado um das instituicoes mas caras e inuteis do pais votando o corte de gastos dos outros os deles naobando de ladravazes do erario,0
eles torcem quanto pior melhor,0
voce sabe quais os atos enriquecem o curriculo de um bandido entao esta explicado,0
o golpe dela rosana pra se reileita se chama bolsa familia,0
eu voto em quem ele indicar,0
santos kkkkkkkkkkkkkkkkkkkkkkkkkkkkkkkkk torcidinha cabe em uma kombi kk,0
porque nao vai visitar as familias das vitimas desses criminosos ,0
so pela metade voce esta sendo bem otimista,0
que lindinho esse moco com esse oculos,0
nao e maconha    e canabis  seja mais elegante  neste caite,0
nao importa de qual partido e a bandidagem e sistemica enquanto ficarmos discutindo pardidarismo e comporativismo o combate a corrupcao sempre sera velado forro privilegiado em pais com alto nivel de corrupcao e uma afronta a etica e a moral,0
cortar na carne do povo isso sim pq os autos salarios e as mordomias nao entram no limite de pec da maldadefora temer,0
por que essa revolta anderson sua familia esta presa,0
quem nasceu para ser  a  jamais sera junior baiano ,0
teve uma hora para responder e nao achou nada claro  nao existe ditadura eficiente,0
votaremos em quem quisermos o voto e livre se vc nao gosta problema o seu,0
thiago santos eh melhor q gabriel fernandinho e cirino juntos pq o garoro n joga,0
e tome dinheiro pra industria da seca,0
nossa que coisa relevante a mulher dele e voluntaria,0
sr presidente o brasil esta ao seu lado que venham as reformas chega de mimimi e vamos trabalhar,0
por que a excelentissima ministra nao visita a familia das vitimas  ,0
a quanto tempo voces nao disputa uma libertadores,0
roubalheira entao governo oriundo de roubalheira e ladrao tambem eleicoes ja,0
pelo menos a esquerda uruguaia nao roubou o mojica ainda ta de fusca,0
sempre uma varzea time pequeno e assim mesmo,0
devia e ficar o damiao e sair o inutil do guerrero chorao,0
a corrupcao e o cupim que corroi a democracia e as instituicoes  ,0
ficou mal ela ser recebida pelo presidente do uruguai fora de padrao,0
boca mole e bolso e contas bancarias abarrotadas de dolares sahfado,0
dl nem sei o que e melhor nigeria ou venezeruela,0
os poderes estao  preocupados com bandidos  que tem de tudo que o cidadao onesto e renegado,0
e a roubalheira continua esses sao profissionais,0
estamos pertinhos de um milhao de participantes acorda brasil,0
mas o juiz e os dois bandeirinhas que garantiram mais um roubo estao acertados pra ,0
por que nao implantar o imposto sobre grandes fortunas por que nunca se audita a divida que de forma ilogica so aumenta apesar do aumento da arrecadacao,0
a pec do mal comeca esta semana o fim de nosso pais ,0
fiquei chocado com essa noticia,0
time de um gol so muiuta sorte,0
kkkkk aqui so tem ze mane que ta na guerra fria ate hoje,0
bernardo cabas   os deputados federais ja estao se movimentando para anistiarem o caixa dois que existe ate os dias de hoje so querem condenacoes daqui por diante estao quebrando a espinha dorsal da lava a jato que e a delacao premiada,0
base  com ze nao tem vez so jogo la medalhao e jogador de empresario politica dinheiro no bolso ,0
futebol argentino e uma piada  so pancadaria e confusao           ,0
cortarsea  a propria carne   a propria carne dos outros nao a deles ,0
essa velha deveria passear menos e agir mais ate agora so conversa,0
kkkkkk,0
isso ai e a materia ou so o titulo kd o resto,0
quem apoia ladrao,0
 indiciacoes em  semana ja pode pedir musica,0
a bixaria coxa ta no desespero ,0
depois dessa visita o tabare vasquez nao ganha eleicao nem para sindico de predio,0
o que esta oposicao esta conseguindo e atrair para si e para os proximos e o odio dos eleitores ,0
quem que era mesmo o homem mais honesto do brasil,0
enquanto isso o palmeiras continua sem mundial,0
a pec corta a carne do povo porque a dos politicos estao intactas os salarios deles aumentam regalias continuam desvios de dinheiro tambem continuam enquanto a lava jato nao detectar eles e por ai vai bem vindo ao brasil e politicos farinha do mesmo saco onde todas as eleicoes o povo procuram eles para vender o voto e os politicos nao fazer o voto ficar optativo pois prejudicaria eles no que tange a se elegerem comprando votos e manipulando o povo sempre burro sem educacao saude e tudo que temos direito,0
nao vejo  ir visitar hospitais com criancas idosos e trabalhadores nas linhas finas,0
rosana a sua revolta e devido a falta de mortadela ,0
nao acho nada demais nesse cueva so faz gol de penalty,0
porque nao reduz os salarios milionarios de toda a classe politica  porque nao  nao cria uma lei em que todos os politicos arquem com suas despesas  porque nao acaba com o foro privilegiado de parlamentares porque nao cria mecanismos pra colocar os corruptos na cadeia e fazer com que devolvam o que roubaram ,0
contrato de  anos esses clubes sao loucos  anos no maximo,0
o gilmar mendespsdb vai ficar com ciumesela esta querendo aparecer mais que ele,0
e preciso reduzir e muito o custo brasilia   reducao de privilegiosreducao numero de deputados e senadoresreduzir numero de instancias recursais no judiciario    ,0
gosto delano stf e a unica que sabe o que diz e entende o que escuta,0
quem gera a riqueza de uma nacao e o trabalhador politicos e funcionarios publicos nao geram riqueza eles se utilizam dela e no caso do brasil roubam mesmo e podem inventar medidas que se nao parar a corrupcao o pais nao mudara nada so vai piorar,0
hahahahahahahahaa hahahahahaha e uma piada esse cara ,0
olha os caras fazendo algo de util e de interesse publico,0
quando ele sera preso ,0
com certeza essa lista contem  de politicos  lamentavel,0
pesquise e participe consulta publica  pec ,0
tomara que esteja certo colega,0
fazer o que por culpa suas se tivesse leis severas estavam vazios,0
em pontos corridos nao tem jogador adversario escorregando com o gol escancarado rajkazblanks ,0
me diga uma acao publica que nao tem fraudes neste pais a desconfianca e tao grande que fico querendo saber que e a pessoa de forro privilegiado que esta por traz deste esquema,0
muitas denuncias muitas provas e pouca cadeia ,0
aposto que ainda vai ser o presidente da camara,0
porque este robozinho fica buscando o q nao deve pra censurar o q precisa ele nao elimina,0
nao entendi a colocacao podre  onde  pais  nao e no pais,0
talvez luiz vc nao seja bom o bastante para tirar uma nota boa e fica de mimi eu entrei atraves do enem e to de boa estudando sem nenhuma conspiracao kk,0
ate agora so cortou o acem porque o file mignon continua nadando de bracada,0
o que  assinaturas a maioria de laranjas o resto nao sabe nem por que assinou,0
pior cego e o burro,0
o culpado pela perda do titulo e o mesmo pela briga pelo titulo kk via entender  ,0
nao a pizza anunciada de anistia do caixa  sim a divulgacao da lista da odebrecht,0
em filmes e novelas a culpa e sempre do mordomo,0
o cara foi foda,0
farra do boi  logo logo vai ter mais um pedindo anistiasabe quem e ne  faz me rir,0
tem tonto que acredita nessa palhacada vai cortar apenas do pobre que necessitada de saude e educacao do governo esta pra ser aprovado a terceirizacao esse mes  e vao aprovar o caixa  para que as delacoes da  odebrecht poderem ser realizadas e nao punirem os imundos,0
rlx  neymar ja ta bem treinado pelo barca  so chegar e vesti o uniiforme ,0
sonia o cartao corporativo do seu presidente ja bateu a casa dos r  milhoes em  meses,0
isso mesmo nao tinha pensado nisso mas e uma hipotese plausivel,0
esse partido chamado p t e esse p sol sao uma doenca pra nossa nacao um enfermo,0
to ligado por isso os gastos dos cartoes corporativos e a utilizacao dos avioes da fab  subiram esse corta na carne mesmo ,0
quem ja viu bandidos fazendo leis contra anticorrupcao ,0
e verdade mas apesar de acha que essas pesquisas sao furadas,0
libera rapido antes que os turcos desistam,0
o tecnico e bom o time que e ruim ,0
se o seu dinheiro for fruto de corrupcao vc devera ser preso sim ,0
piada super engracada ja pensou em fazer um teste pro zorra total ,0
e aqui toma  em um jogo so o cara e muito ruim,0
esse e o caminho do crescimento,0
gostei das mudancas novas estrategias,0
cortar na propria carne e reduzir o no de deputados federais e senadores e seus gabinetes com aa consequente reducao de mordomias,0
e o fim desisto do meu pais ,0
atras so do robinho e do fred campeoes da copa do brasil ,0
vai no ceminterio esta mais lotado cheio de inocentes mortos pelas maos desses vermes,0
pois e quando estavam la nao fizeram nada de bom alem de distribuir dinheiro disfarcado de bolsa familia e outras coisas nesse sentido educacao  otima saude otima  isso ja  melhor do que distribuir dinheiro ,0
resumiu bem a opera,0
nao vi corte algum deixar de gastar nao e cortar,0
para quem nao entende existe sim a transmissao de radio am aindaem cidades pequenas nos locais mais afastados das capitais  onde fm nao chega nem com chiadosa am chega ruim mas cheganos  cantoes deste brasilzao  so am chega e com muita palha de aco nas anteninhasagora esse povo pode ficar sem este entretenimentopois tv analogica sempre foi luxo a tv digital sera utopiaagora sem amserao isolados  ate de informacoestudo que eles queriam quem sabe,0
putskkkkkde grande relevancia e importanciakkkkkkk,0
quando foi isso,0
tem que congelar e o salario dos politicos pois  sao nefastos  para a nacao,0
lamentavel mais eu garanto que em  meu voto e do luiz inacio messias da silva,0
santa hipocrisia batman manda ela visitar hospitais publicos para ver se estao superlotados,0
saudade do otamendi ele e gabriel seriam uma dupla de zaga sensacional,0
excelente jogador  sera titular ao lado do jo,0
o empresario desse rapaz e simplesmente magico,0
indiciam e denunciam mas nao prendem,0
nem messi nem cristiano vao dormir hoje preocupados com o que vcs acham deles tontos,0
essa mulher faz cada coisa,0
estao perdidinhos nem anotaram a placa do caminhao que atropelou a petebada em outubro,0
mas nao vai ter um tupamaro ja foi tirado do poder ela aki nao forma,0
o governo nao tem e nem pode ter carne a carne que estao cortando e do povo via deservicos publicos ,0
aceita que a boquinha acabou doi menos  vermelho so o ketchup,0
que diferenca faz ,0
infelizmentehoje em dias e melhor ser arruaceiro e agitador no brasil do que ser trabalhador honesto,0
esse e o meu presidente que venham as reformas e vamos trabalhar chega de mimimi ,0
sempre os mesmos nao bastou afundarem o brasil e querem mais,0
ele vai ser o pior presidente da historia,0
fundo do poco mesmo,0
uma visita aos familiares vitimados por essa escoria sera louvavel,0
para ele que tem varias aposentadorias nem vai sentir o corte   kkkkkkkkkkkk,0
pesquise e participe consulta publica  pec ,0
sera que foi sabotagem,0
nao e afoito nao contra o cruz foi muito paciente atraindoo para trocacao franca so deu blitz contra os adversarios anteriores contra quem tinha grande confianca nao sem motivo de que botaria para dormir,0
so com conviccao nao se prende ninguem ,0
ainda precisa de centroavante e lateral esquerdo,0
o cara e bom joga muito,0
quando sera a visita aos hospitais  publico do df,0
virou bagunca ,0
mano na boa como eu sabia a ronaldete nao tem argumentos,0
ele nao e presidente  e golpista,0
bem lembrado marcos alves  essa pec e muito importante para a tao sonhada reforma politica eu ja participei  ,0
tem que colocar pena de morte ai vai diminuir bastante,0
vamos cortar os gastos publicos vamos cortar todos os funcionarios de confianca indicados por politicos vamos cortar todos os funcionarios de alto escalao indicados pelo governo sem concurso publicos e sem capacitacao tecnica adequada vamos cortar a quantidade de politicos,0
marcos e eu que achava que politica era  uma ferramenta de transformacao quato engano,0
aecio e o unico capaz de transformar este pais,0
se depender do stf manda soltar todo mundoe com aposentadoria ainda por cima,0
e quando essa imoralidade vai ter fim ate quando trabalhadores vao ter que sustentar parasitas,0
paulo bertazzi  o que voce quer e uma ditadura de novo,0
joga muito,0
cite amigo esquerdopata uma linha onde defendo quem quer que seja uma so,0
nao tiro um real do orcamento geral pra destinar a presidio com tanta falta em hospital ,0
eu quero ver os batedores de panela e piscadores de luz de varanda quero ver bem a cara deles,0
aha ta bom vou acreditar mentirinha nao acredito nao ,0
seja bem vindo que faca um bom trabalho,0
para vai saulo mim esses presos que estao la sao os mais perigosos do brasil,0
nao quer ficar em uma cela superlotada nao roube trabalhe honestamente garanto que isso nao vai ser problema,0
o fato e que nao ha um politico honesto no brasil,0
ja nao ta jogando mais nada hj em diaimagina em ,0
enquanto isso seus ministros fazem farra com dinheiro publico,0
essa modinha de rivalidade os  sao excelentes jogadores pronto,0
ilegitimo foi vc que votou no temer eu votei aecio quem colocou seu presidento no poder foi vc,0
pra que ele iria fazer isso kkk pra que um politico iria ser contra politicos receberem muito,0
corinthians o melhor aluno do enem enemlibertadores enempaulista enembrasileirao enemcopa do brasil,0
idiotao e quem e o sabidao,0
vc e chacota bi da b sem mundial kkk,0
cortando a propria picanha no churrasco de domingo deve ter faltado o churrasqueiro,0
e sera muito bem recebido pelo juiz sergio moro,0
nao existe especialista em economia apenas aquilo que funciona aumentar gastos publicos e exigir da sociedade mais impostos para cobrir os gastos de governo incompetente sao duras e inflexiveis nao podem simplesmente querer aumentar impostos porque nao tem dinheiro pra eles gastar a sociedade tambem precisa de dinheiro pra estimular a economia a sociedade nao consegue pagar mais impostos entao nao podem aumentar os gastos,0
perfeito marcio lembrando que muitos politicos sao donossocios de empresas de plano de saude escolasfaculdadesuniversidades particulares preciso desenhar,0
seria mais interessante ela visitar os hospitais do sus,0
perfeito os garotos da base sao melhores que esses jogadores citados,0
se vier e um otimo reforco,0
deveria  julgar as acoes envolvendo jose serra os  milhoes ninguem fala cade a veja,0
cai na real vascainos segundo da segunda  kkkkkkkkk,0
ela deveria levar o renan calheiros junto com ele mas ele ficaria la mesmo,0
sejam honestos aprovem o projeto original vamos acabar com esta farra no brasil,0
saida pela tangente ou tambem comprando casa,0
a historia desse cara com o moleque que subiu no octagon pra receber o cinturao e muito louca o cara pode ate ser sangue no olho mas o que ele fez pra ajudar o moleque nao e qualquer um que faz,0
reuniao de ex guerrilheiros sabe la o que fizeram ,0
vich todo evento ta caindo luta do card principal  ta na hora do dana comecar a ter substitutos pra esse tipo d situacao q faz tempo q ja deixou de ser inusitada  ,0
padaria do flamengo esta vendendo muito o sonho ja acabou so resta pao ,0
eles tem conforto ate demais sofrimento tem as familias que eles destruiram,0
deve estar verificando a possibilidade de asilo para o lu,0
podiam retirar dos lucros dos bancos ,0
a historia nos ensina a se precaver do futuro a prova a venezuela ainda estao fazendo vitimas para impor a ideologia genocida,0
esses atos uruguaios com a presenca dela e  importante tanto quanto o preco da banana em monaco,0
tabarez digame com quem andas e te direi quem es,0
eu que nao entendi seu edsonda para explicar a duvida melhor,0
coitadinha quer dizer que a pobrezinha foi vitima de um golpe faz um favor e a leva pra casa,0
falando em heranca sao  anos de pec haja heranca pra deixar,0
vao ter que renovar o contrato do sergio ramos ate  tbm,0
o fanatismo nao e uma doenca fisica e nem espiritual mas sim uma doenca da ignoranca e odio   ,0
mas ele so pipoca quando a coisa aperta sempre foi assim,0
engracado e que se voce disputar emprego com eles voce perdera,0
e a grana pra salvar a oi vai sair de onde,0
aqu nao tem lugar para carne de pescoco o povo gosta so de picanha na parrilla,0
a economia de uma casa ou empresa e diferente da economia de um pais uma empresa pode corta gasto bem mais facilmente mas seu o governo corta gastos gera desemprego e queda da economia john maynad keynes  todos defendem gasto com responsabilidade agora cortar gastos de educacao e saude que nao ,0
manda matar tudo e  esvazie as celas e vire heroina nacional,0
so denuncia mais prender que e bom nada,0
mano na boaangelim  volte pro video game rapaz o cara fala messi ja foi eleito o melhor fora de outro time  e por acaso o pele foi considerado melhor em outro  ele no cosmos ja estava no final de carreira nao existe isso de tem que provar em outro clube se for seguindo essa tua logica iniesta e uma bosta segundo voce,0
mas ele vai preso aguarde,0
nao da nem pra comparar fato,0
so uma pergunta o que seria do real madri e barcelona sem os estrangeiros ,0
ele foi sincero corram atras,0
senado pagara r  mil por reforma no gabinete de romero juca pmdbrr,0
quem esse time,0
esse mito sabe tudo de futebol ,0
marcos no brasil nao houve ditadura militar houve governo militar pois entre as varias medidas para reerguer o pais e o povo posso te citar criacao do fgtsembrafilme embraer bnh   hidreletricas eleicoes diretas para governador e deputados ta bom pra voce,0
olha ai sergio moro ela dando vacilo kkk pega ela pow,0
fora temer  abaixo a redeglobodecorrupcao ,0
junta todos os pontas do fla que nao da um cueva,0
mano na boa quase que ele faz um hattrick solange so faltou  penaltis,0
emocionada pela morte ou pela posse,0
mpf a trabalho dos interesses tucanos e pmdbistas,0
o asilo e pra ela mesmo ela nao esta nem ai para excompanheiro de palanque,0
ajudou afundar o pais e nao tem vergonha na cara acha tudo normal,0
nao e ofensa e curiosidade mesmo  sabe tipo estudo dos animais ,0
esse tabare e o tipico bolivariano light se e que isso existe,0
e a farra dos ministros politicos  e mais gente do governo com aviao da fab quem paga a conta esse corte na carne nao existe agora se  viajassem em aviao de carreira ai se acreditava ,0
cara    de    pau         ,0
melhor investigar a oposicao,0
ele esta de escarnio estava acreditando nele ate ele falar em beleza e elegancia,0
cortando na propria carne aumentando em  os gastos com propaganda ta bom,0
esse dinheiro ira fazer brotar agua do solo ,0
tenho pena so das vitimas deles quem se comporta nao vai preso,0
roberto o inteligente o mafioso skaf pergunta quem  vai pagar o pato,0
pq eles precisam trabalhar ,0
em compensacao de vez em quando leva ,0
unico corte verdadeiramente na carne e acabando com o excesso de beneficios e diminuindo o salario dos politicos ahh claro diminuir a quantidade deles tambem e bem vindo,0
calma tudo e questao de tempo lembra do cunha,0
verdade nao sabe mesmo  escala mal e substitui pior ainda e o culpado pela perda do titulo,0
tabare vazquez vc deveria escolher melhor suas amizades ,0
limitar por   ou  anos o salario de politico e a mesma coisa que nada isso nem faz cocegas para eles pois mesmo que ganhassem o triplo do que ganham nao teriam  por cento do patrimonio e luxo que ostentam,0
bandido defendendo bandido estranho esse papo,0
quera saber pq o povo paga pelo erros dos politicos  pq nao cortam os proprios salario  as verbas de gabinete e mandam embora aquele monte de auxiliares dos parlamentares que so servira sugar dinheiro publico  acabem com a roubalheira q o brasil avanca,0
alguem falou em helicoptero,0
nao temos timetemos um bando de jogadores meia bocatodos sem nenhuma qualificacaobarcaja,0
temos que ir pras ruas mostrar que nao aceitaremos ,0
a corrupcao esta estampada na cara desse individuo,0
nem todo mundo mora em cidades meu acorda,0
faltou uma opcao ele virou homem,0
sr sergio moro crie uma comissao de magistrados corajosos p apurar crimes sem medo,0
peco ajuda aos universitarios que me ajudem a interpretar o que o zozoi quis dizer,0
maycon ate admito que o negocio em si foi bom para o fla mas atualmente nao acredito em nenhuma das duas coisas nem que ele va jogar bem e nem que o fla levante alguma taca esse ano kkkkk,0
melhor do mundo e o messi aceitem este fato ronaldetes,0
esta visitando as novas instalacoes do conde dracula e seus vampiros,0
em pontos corridos gritinhos de eu acredito nao colam rajkazblanks ,0
cuidado com a poupanca pessoal lembram o que aconteceu na epoca do collor ne,0
e quando vai visitar os hospitais e tumulos das vitimas desses marginais,0
ele so vai igualar o record pessoal quando ficar sete jogos sem levar gols,0
deixa pra la esquece e dificil tentar fazer compreender o basico do basico bjs tata,0
deveria estar preocupada em acelerar julgamentos que beneficiam aos trabalhadores ao inves de se preocupar com bandidos,0
na carne de quem carapalida,0
quanta gente raivosa que horror,0
esse foi apenas mais uma fraude certamente deve ter outros tantos que fraudam e ninguem nunca sabera alias esse pais historicamente ja e uma grande fraude,0
forca na peruca galo raca robinho raca pratto raca cazares vamos jogar com amor a camisa ,0
so conversa mole desde que golpeou o poder nao e temer,0
esse ai e matador,0
que carne  ele nao recebe salario minimo ja e aposentado nao precisa do sus e muito menos de educacao publica a unica carne que ele esta cortando e da pobre quando politicos e ricos serao atingindos ,0
concordo plenamente e so o que sabem fazer quando tentaram governar deu no que deu,0
deixa de ser ignorante quem precisa de mudanca e o preso nao a vitima,0
 para o judiciario acreditam mesmo neste indice ,0
esse ze e  muito burro cara empresario corre solto e muita grana envolvida,0
a china possui uma ditadura e e uma das maiores economias do mundo marcos,0
aproveita que esta ai e ja implanta pena de morte para esses lixos  bndido bom e bndido mrto,0
o choro e livre,0
vai ser preso antes do natal,0
o cara que coloca  chiquinho  para  cirino e gabriel para jogar nao pode ser normal,0
to dizendo que a globo fez e o sergio moro fez boca de urnaeles estao apagando as mensagens,0
tem alguem disponivel pra levar no aeroporto,0
provavelmente esta planejando a rota de fuga para o pais vizinho,0
mano na boa ivo holanda sao  titulos sem o joan gamper,0
essa e boa com alguns politicos  peco se possivel informe os bons politicos kkkkk,0
vai fazer a denuncia e pede para um juiz pegar o caso blz,0
prendam logo o chefe mor da corrupcao,0
vitimas desses bandidos ninguem visita ne uma porque  eles ja mataram ,0
da para fazer uma lista com mais de cinquenta itens se tivessemos um governo do povo e para o povo  tudo seria diferente temos governantes que so pensam no enriquecimento proprio,0
marinho e um jogador que desequilibra qualquer jogo,0
na  boa  davi luiz  deu muito certo coma  camisa  do chelsea no  psg  nao era  pra  ele,0
estourou o placar quanto e isso,0
o cara se gaba de ser segundo eh pra quem nao e mais nada ser segundo e alguma coisa ja,0
traz ele de volta e deixa ele escolher o tecnico ,0
nao importa sao os mesmos jogadores,0
vai taxar dinheiro de doacoes coitados dos mendigos,0
 o grande erro foi ter entregue aquela ponta de terra no extremo sul do brasil,0
e tanto deboche tanto escarnio perderam o senso de ridiculo de humilhacao,0
deixem o cara em paz,0
nunca vi tanta hipocrisia numa pessoa so tentando cortar gastos com necessidades basicas da populacao e concedendo aumentos absurdos as classes que apoiaram o golpe sabemos bem que carne ele esta cortando,0
pena que ainda existam vermelhos espalhados no pais quer dizer no mundo,0
david luiz agora e goleiro pra ter recorde pessoal de menos vazado,0
voltaram so a fazer o que senpre fizerem sao os defensores do povo lamentavel ,0
porque nao corta os gastos dos politicos,0
galera do psol e comunistas em geral apertem o vermelho mesmo,0
corta a propria carne teve churrasco no planalto e nem nos chamaram esta e a unica carne que eles cortam na mamata deles com certeza nada,0
digam o que quiser mas da copinha e da opg so a arbitragem sao promessas para  kkkk sv,0
engracado as fraudes  comeca  nonpoder de brasilia ,0
o grande vencedor das  urnas foram os votos brancos nulos o recado foi dado a todos os partidos inclusive os de  direita  viram coxinhada ,0
ceis tao tudo e dano buesta cai esse ano,0
povao o governo quer cortar direitos previdenciarios e cortar gastos com educacao e saude tudo isso para manter os privilegios dos poderosos nao podemos aceitar vamos protestar vamos de lulo  e lulala ,0
saude e educacao nao e gasto e investimento o que tem que acabar e a farra publica com esse dinheiro acabar com foro privilegiado fim de regalias e punicao grave a crime de corrupcaopior cego e o que nao quer enxergar isso nao e e nem sera bom para a saude do brasil ,0
falou o cara que nao sai da pagina verde,0
verdade mas a maioria so olha pra tabela entendem nada de futebol,0
o neymar faria alguma falta na selecao ou a sua ausencia seria melhor  ,0
a esquerda segue a passos largos rumo a quase extincao continuem assim,0
 o  que gasto no cuellar erradamente dava pra ter comprado o cueva,0
sera que o mav consegue ler e falar paralelepipedo,0
na categoria so tj tem chance consideravel cruz tambem mas menos no entanto ainda apostaria em cody ja contra aldo ele nao seria o favorito aldo usaria  bem os jabs e os low kicks e faria uma luta estrategica,0
os  do rio os  de sao paulo  do rio grande do sul e  de minas gerais   grandes ,0
voce e meia duzia pensam assim,0
o brasil deve vencer mas vai ser um jogo dificil,0
claro que nao votacao no g quem ai e a favor da pec dar um verdinho e quem for contra o vermelho vamos ver se realmente impopular,0
agora e do setor eletrico que ninguem quer investigar,0
no videogame igual aos fas alienados dele kkkkkkkkkkkkkk,0
nao vai dar em nada,0
e rogerio todos tem mais essa anta nao coloca pra jogar,0
ja ta chato essa historia do walter td ano e isso,0
que tornozeleira eletronica,0
intao se vc nao ganhar nd e pk e ruim msm,0
esta vendo a possibilidade de asilo politico ja que em breve recebera ordem de prisao,0
mas ele nao e  do futebol paraguaio,0
pesquisa comprada,0
ate que enfim um comentario que preste o censor da grobo cochilou,0
mas porque ao inves de tirar mais da populacao mais pobre tambem nao crie os impostos sobre grandes fortunas exonere os cargos partariados de comissao corte os salarios e regalias dos deputados senadores dos secretarios e do presidente da republica diminua o salarios autos dos magistrados ai sim eu comeco a acreditar mais neste governo e no brasil melhor,0
real madrid ta doido mesmo o cara nem empurrar a bola de baixo da trave consegue mais,0
vamos voltar  anos atras e ver o que ele fez no  x ,0
 so falta acabar com a farra dos cartoes corporativos,0
relaxa veremos daqui  rodadas soberba,0
nao e verdade o governo tem milhoes de funcionarios publicos sobrando e nao corta todo mundo sabe disso estao cortando na nossa carne e nao na carne dos vermes ja chega fora temer ,0
derrotada nas urnas gostaria de saber mais,0
o problema e os caras tirarem dinheiro da previdencia dos trabalhadores da iniciativa privada para pagar beneficios para servidor publico civilmilitar,0
nunca houve um presidente que gastasse tanto melhor comecar pelas proprias contas,0
em pontos corridos nao tem disputa de penalty rajkazblanks ,0
vamos iniciar  levando porrada essa molecada nao tem nem corpo vao pipocar,0
isso que esta na mao dela nessa foto por acaso e um baseado ,0
ta louca davi to afim de fazer nada na tua mao nao,0
teve uma hora e nao conseguiu a resposta claro ela nao existe,0
exercicio de logica elementar se o psdb que ganhou a maioria das cidades e foi o grande vencedor das eleicoes supostamenteb perdeu para os votos nulos imagina os vermelhos kkkkkk foram varridos em sp entaoprimeiro turno um passeio,0
deviam perguntar a ele sobre os cartoes corporativos  que em  meses gastaram  milhoes muitos mais do que o outro governo em  meses  deveriam zeras estes cartoes ,0
daniel lima nao e rivalidade e a verdademessi esta acima de todos no futebol atual,0
o problema nem sao os salarios  o problema sao as verbas eventuais  desembargador recebendo  mil  e a justica e cega tem cara pedindo vista nao ta enxergando nadaou se faz de cego ne stf ,0
entao va para la e aproveite case com um homem de la,0
o importante e ganhar meu filho acorda pra vida,0
 sera policia fez pericia no carro  estranho ne ,0
vai que neymar faz um gol contra para agradar o messy,0
ta jogando bem mais na selecao nao tem mais chance   thiago silva marquinhos miranda sao melhores  ,0
com o botafogo tudo e dificil eu acredito na classificacao avante glorioso botafogo,0
eu acho que voce esta na pagina errada,0
excelente a iniciativa da ministra e presidente carmen lucia parabens,0
tem que visitar nossas escolas e hospitais ,0
todo sem nocaosem argumento adestradojoga culpa em quem nem sabe,0
um volante da base pelo amor de deus para o lugar de marcio araujopela amor,0
quando esse cara comeca a falar eu mudo de canal,0
o brasil todo  menos a torcida do inter hoje e corinthians obrigacao e ganhar  ,0
essa noticia e antiga,0
foi com anistia que o governo militar deixou o brasil na pior,0
vai ter que pedir dicas pro ze para pder jogar ate os ,0
era de se esperarnao adianta perguntareles nao vao falar dos  milhoes do srra,0
com paulinhafernandinha em campo o messi vai deitar,0
melhor ditadura militar  do que ditadura de esquerda,0
carambaachei que ela ja tinha morrido e o tirso tambem,0
sabe o que eu acho engracado os nossos governantes  nao pensam em cortar regalias e beneficios desnecessarios que os favorecem porque sera ne e mais do que claro ate mesmo para quem nao quer enxergar eles sao estao la para defender seus proprios interesses  e os dos empresario o no casso eles tambem ou comecamos a tomar uma atitude para mudar de uma vez por todas essa roubalheira nesse pais o a tendencia e so piorar para o povo porque dinheiro para investimentos nao tem mais para aumentos de salario e regalias nao falta,0
o que o carlinhos brown ta fazendo aivai cantar as babaquices dele,0
nao teve nenhum penaltizinho pro inutil penaldo bater  ahhh poxa juizao,0
nilsa amaral eu sei a do  temer tem morte mais prolongada  anos ,0
se a empresa concorrente da sua te oferecesse um super contrato de trabalho voce trocaria de empresa quanta gente hipocrita nessa torcida do fluminense aff,0
brincadeira e vc acreditar realmente nisto,0
democracia feito a venezuela que os petebas queriam que tal arrumar um emprego,0
votaram no pezao agora tomem no czao,1
os cariocas tem o que merecem um pessoal que so sabem toma banho de sol e pratica a violencia e nao deu outra de onde se tira e nao coloca um dia acaba,1
voces sao idiotas ou se fazem voces sabem que ele e do executivo e quer que interfira nos outros poderes esses salarios sao vinculados a texto constitucional se informem mais nao que ele seja santo mas pra nao passarem vergonha de falar coisa que nao sabem,1
alexandre acioni vai estudar pra saber o que e comunista essas medidas do temer sao pior que comunismo voce e mais um pobre metido a besta que fica repetindo mazelas igual a um papagaio de repeticao,1
pec  da  vidaaaa    vida livre  de  mamata   esquerdalhaaaaaa  kkkkkkkkkk,1
mais um pobre metido a besta ja ja fica sem dinheiro e vai sentir falta dos bons tempos,1
martin sales deixa de ser idiot  agora ninguem pode discordar do temer que e mortadela so nesse pais mesmo que pobre metido a besta defende a direita,1
nem sou mas esse cara e um velho asqueroso,1
falou o recalcado que nao deu conta de passar em um concurso ele ate que tentou mais nao deu ne,1
a fmi nao manda nas economia mundiais que vao a mer rda,1
corta na carne nada temer aqui no rj o pacote de maldade deixa juizes politicos e sanguessugas que ganham mais de  mil por mes de fora dos cortes so ferra com pobre e aposentado sabem o que vai acontecer o povo vai acordar e dessa vez nao vai ter desculpa forca e muita pancada nos pilantras sanguessugas,1
paulo voce e burro,1
vao bate panelasseus burrosbem feito,1
esta anta  que esta ai agora so faz cada um de nos sofrer enquanto  se banqueteia com os nossos salarios vai embora  e leva seus amigos antasgolpistas e safados com voce,1
ninguem se importa com vc nem sua mae seu nada,1
vai te lascar miquinho amestrado,1
idiota,1
vai pro tanque sras sonia,1
demente total ,1
joao pereira seu anencefalo seus comentarios sempre me enojam ,1
quer vida facilva rodar bolsinha na avatlantica ou na vieira souto joao,1
so abestalhados fazem essa prova imunda rsrspor isso que voces sempre serao os nossos escravos ,1
da vontade de por um aipim no rbbbbbbb,1
marcosvc nao cansa de ser estupido sabeate para ser mau carater tem limites vcs foram varridos por serem incompetentes corruptos e genocidas canalhs,1
mauro e dementekkkkkkquem ta lutando por poder sao voces apoiando bandidos no poder,1
felizmente extirpamos o projeto defoder o povo dos cleptorrupto,1
marcos nao precisa ser guerra fria fria e onde essse degoverrupto nos jogou  vermeslhos fora,1
enfia o kit no teu cut,1
mauro e demente kkkkkkka guerra fria ja acabou faz tempo,1
o teucuquente porem continua dando adoidado,1
mauro ze ruelaa falta de argumento e tao grande quanto a propina que ta recebendo para apoiar bandidos,1
coisas de gentinha estao sempre fedendo a mortadela podre e nao tomam banho,1
os idiotas remanescentes o resto insistem em querer continuar a prejudicar a patria ,1
raca de filhos duma pta por que nao vao obstruir aquele gordinho ditador da coreia do norte,1
sao todos malditos espero que morram logo e sofrendo,1
tudo que os petralhas tocaram faliu inclusive a paciencia do povo,1
esses  energumenos  serao expurgados na proxima eleicao ,1
e a direita quer o monopolio do cinismo fingindo que sao probos quando sao tao ou mais ladroes,1
eu desempregado e esses esquerdopatas enchendo a mesa de caixinhas com bosta dentro,1
diz pra esse povo parar de ficar dando chilique e tomar vergonha  na cara que palhacada e essa,1
essa corrupta terrorista apresenta uma ameaca ao honesto povo uruguaio,1
a barata cascuda viajou de primeira classe com nosso dinheiro ,1
essa anta incompetenta  ainda esta solta,1
esse mortadela ja bebeu tanta cachaca q nao esta falando coisa com coisa ,1
temer ta bem pra caramba ne  trouxinha,1
marcos voce nasceu assim ou bateu a cabeca quando era crianca ,1
sem mortadela a esquerdinha fica revoltadinha chega a dar do ,1
e tao retardada que foi comemorar o dia das bruxas no uruguai em novembro,1
quantas horas de vassoura de porto alegre ate montevideo,1
infelizmente tudo q nao presta nesse pais da ibope essa anta e prova viva disso,1
sera que ela se hospedou na mansao do  dedos em punta del este,1
sabe onde esta o dedo que falta socado na sua mae kkkkkk,1
vai ser dificil a minha ha anos esta no ceu a sua ta na zona,1
nao acredito a barata cascuda deve ter alugado um hotel  estrelas inteiro,1
se essa coisa ficar mais uma semana  la o uruguai entra em recessao,1
nao estao nao senao recrutariam a tua mae seu verme,1
um es cro to desses e verme mesmo,1
sabe o que ela tem mais que nos ela tem mais e qsf,1
junto com temer  idiota sao as escolhas dos petralhas,1
renew nino vc leu a peca   ou e mais um esquerdopata maionete vai com as outras ,1
comunista defendendo a  democraciakkkkk esses vermelhinhos sao uma piada,1
essa velha deve ter grana la o pedecana ganhou casa la de um empresario do rgs,1
foi recebida com  muito  capim e agua  fresca   ,1
aproveita e deixa essa capivara por ai,1
os larapios estao se reagrupando tem que prender logo os chefes nao sei porque a demora,1
pq o morosita recebe ordens externas a ordem nao chegou ainda,1
pq o morosita recebe ordens externas a ordem nao chegou ainda,1
democracia bandida cumunista assaltante de banco ,1
que fique por la essa anta,1
porque que essa vagazbunda filzha da puzta nao vai dazr o czu pro capzeta,1
ela foi la para a limpesa semanal na casa onde o mula vai ficar escondido,1
espero que essa infeliz fique por la e so volte quando for convocada pela receita federal,1
a anta foi pro uruguay  pra elaborar seu plano de fuga junto aos seus comparsas e aliados,1
fica ai janete traste inutil destruiu o brasil vaca,1
tem que cuidar para que esta bandida nao venda infirmacoes sensiveis do brasil,1
seus baitola vem fazer na mao vou dar um murro certeiro nessa tua cara feia da porrrra,1
essa velha ta armando plano de fuga pra ela e para o pedecana ta na cara so a pf nao ve,1
ve se nao volta nunca mais e mora na fazenda do molusco,1
reuniao de comunistas e corruptos,1
ai que ela fique por la definitivo e leve o molusco tb,1
cruz credo dessa bosta,1
porque nao morre desgraca,1
ta fazendo a cama para e para o moluscovai que,1
a zika mosquita estocadora de vento tambem esta de mudanca pro uruguai vai ser vizinha do molusco,1
essa terrorista nao vai presa por ter roubado e atrasado um pais que morra logo demonio,1
o que a velha tem na mao   ops desculpa   tem no casco  ,1
depois de legalizar a maconha agora o uruguai legaliza outra droga um pais a beira do precipicio ,1
morre desgracada,1
gracas a idiota levandowhisky,1
foi dar uma olhadinha na conta dela e aproveitando vai ficar na casa do  dedos em punta,1
vagabunda,1
bruno nao e kou e assimva tomar no seu gu,1
ja fez programa hoje ,1
vira ai que eu vou apontar o dedo no seu,1
pensem numa mortadela maconheira chata ,1
vc tem algum retardo ou e burrice mesmo maria,1
essa maria benta provou do peba na pimenta de seu malaquias ,1
maria vai lavar uma louca que voce ganha mais ,1
toma vergonha na cara seu boiola maconheiro infectado,1
quase sempre um boyola reconhece outro boyola e o caso do rubinho,1
o cara vai chupar uma piroca  vai,1
gayzinhos de barba sao os que mais entristecem os pais,1
ganhou duas vezes dos coxinhas golpistas entendo essa raiva,1
ganhou pq nordestino nao sabe votar,1
ganhou com bilhoes roubados da petrobras bndes e furnas,1
marcio nao sou seu irmao nao nao tenho irmao baitola,1
ta com mais moral que o presidento dos coxinhas kkkkkkkkkkkkkkk,1
e so ver o numero de dislike de seu coment inutil e ver que nao tem tanta moral assimpalhaco ,1
quena o tirso esta sentindo muita falta do charuto de mertadela tadinho aceita que doi menos,1
aonde a vaca vai o boi vai atrasta apaixonado,1
tirso tem gente que come pela boca voce certamente come por tras,1
rosanabandida esquerdista e fedorenta,1
esse ai gosta de um charuto de mortadela no meio das pernas,1
minha esperanca e que vc fosse um troll mas da para ver que vc e ignorante mesmo,1
agora eu vi a capacidade do ser humano de ser troxa,1
estrategia vermelga acefala terceirizar a culpa xingar e denegrirkkkk tchau queridos,1
rosangela voce nao tem nivel nem para comentar um assunto deste e uma coitada,1
coitada e o minimo a definila      eu a chamaria de podre   ,1
ela e autoridade maxima do judiciario nao e ministra da saude vao se informar seus zes ruelas,1
burro,1
rogerio entao ela tambem nao e secretaria da seguranca publica seu  ignorante ,1
mortadelas nunca entendem nadakkk,1
bandido tem mais e que peidar pra muzenga mesmo resolvam esse problema de superlotacao fazendo pelo menos  carandiru por dia simples ,1
a policia civil do rj por exemplo nao tem nem privada pra kaggar e essa capivara ta preocupada com bandido ,1
carmen capivara lucia por favor me de o exemplo e leve meia duzia dessas vitimas da sociedade pra sua casa faca um coquete nele libere o anel de couro de refresco de groselha mostre que tem coracao ,1
ricardo a sua desculpinha e de va  ga  bun  do uma coisa nao anula a outra,1
o roberto adora a palavra acefalo de tanto ouvir ele incorporou ao vocabulario pobre e inculto,1
estou torcendo por um estu pro coletivo ja comprei varios azulzinhos rsrsrs,1
querendo se aparecer porq nao vai visitar as vitimas desses estrumes  lamentavel ,1
inversao de valores ao inves dessa velha visitar hospitais asilos orfanatos visita presidios vai tomar no ,1
o molusco vai achar a cadeia superlotada e pra nao dar na pinta ela comecou a visitar outras antes,1
so falta essa judia carcamana ficar com do leve pra sua casa no lago sul,1
a corja que apoia o golpe so fala merda,1
essa idiota nao tem o que fazer,1
sempre digo que mulher feia costuma dar problemanao ha quase excecao algumatem umas que quando chegam a presidencia da republica dao tanto problema que vc nao acredita,1
kkkkkkkk falida igual seu comentario idiota,1
o cara joga muito mas transa com o bum bum ,1
que comentario de bosta foi esse deve acompanhar muito o futebol europeu pra fazer um comentario desse,1
vc come bosta pra falar uma asneira dessa,1
bianca essas ronaldetes me dao nojo raca nojenta,1
lugar de mulher e na pia fogao e cama,1
ezequiel lugar de mulher e aonde ela bem entender se doeu toda pq falou verdades sobre o seu idoiozinho  machlsta gay chora nao,1
vai lavar louca dona,1
marias no cio sou louco por marias,1
maria vista aquele biquini que hoje vou lhe usar princesa,1
ui nooooooofa que lindo fofa nosso galao e mara ne amiga  rajkazblanks ,1
maria detected vai beijarumsacow,1
vai tomar seu remedio velho gaga kkkk sv,1
triste ve vizeu no banco enquanto esse bosta do lerdeiro titular os numeros nao mentem sem ele o flamengo e mengao com ele menguinho,1
ze ricardo vc e burro,1
assinado molambo iludido kkkk sv,1
se o juiz tivesse dado o penalti em cuiaba esse bosta nao estaria falando assim,1
da  xozota da mae ,1
o flam e r d a vai aproveita o juiz e os bandeirinhas no profissional em ,1
era o cheiro da bucelta da sua mae,1
cala a boca truta xincheiro,1
tenho nojo do flamengo timinho de torcida terceirizada de nordestinos fedidos que pensa que e carioca da gema quando nao passa de um time que tem mais identificacao com o nordeste do que com o rio quando se fala em flamengo se imagina um monte de paraibas fedidos e sem agua falando framengo e com camisa do camelo respeito o vasco e o botafogo esses sim quando se fala em rio de janeiro se lembra deles saudacoes corinthianas,1
hahahahaahahahahahahah gazela detectada,1
isso e uma bishona daqui a pouco ele fala que se o leicester ganhar a champions ele da ucu,1
esse negro e o seu pai sua mae deu pra ele quando jovem,1
voce ta e na zona sua galinha,1
ah vai se fu de voce,1
ei framengo vai ter que se contentar com o cheirinho de bosta do piscinao de ramos kkkkkkk  essa taca nao e pro seu nariz kkkkkk ,1
as rubronecas piiiiiiiiiira com cheirinho de pum de porco,1
mulambos  setem o cheirinho de hepicanuncukkkkkkkkkk,1
sente o cheirinho do meu peido kkkkkkkkkkkkkkkkkkkkkkkk ,1
sente o cheirinho peido de porco nas suas caras kkkkk,1
flamerdas voces tem estadio  entao nao tem pinico proprio kkkkkkkkkkkkkkkkkkkk,1
voce e um doente,1
sua mae nao reclama joaozinho,1
ragnar e nome de travesti da escandinavia,1
acaba de comprovar a burrice que lhe imputava,1
menos um mas tem que queimar logo o corpo dele antes de chegar na porta do nem sei e politico mesmo  do inferno,1
errou sou gaucho e tenho marido,1
o investigador investiga isso vcefdpta,1
esse ai senta na boneca,1
esse da  re do quiibii kkkkk,1
paulo vai to mar no c uu,1
porque vc acha que precisa receber para protestar  sua vida deve estar muito boa  porque para a maioria esta uma bosta  ,1
faltou choque nesse velho hipocrita,1
esses petralhas malditos,1
michelle temmer safadao traira,1
reforma estrutural no seu rbbono meu nao,1
hmmmmmmmmmmmisso e uma bichna,1
 entao e da lojinha da anta,1
e da lojinha da tua mae aquela prostituta,1
boca de buxeta,1
o certo seria bun da mole,1
e o piaui querendo assustar o mundo com esta figura ou so nasce gente feia la,1
aquela bocarra falando e cuspindo sem contar com um mau halito fetido nojo,1
tambem com um nome feio desse heraclito boca mole virou elogio pra esse ladrao kkkkkkkkkk,1
esse boca mole tem cara de saco murcho,1
vermelho nojento deveria levar um tiro na cara bandido ,1
vagabundo,1
sapo demonio seria mais apropriado,1
relmente o boca mole e da mesma linhagem dos neves,1
esse  canalha  e  outros  tinha  que  ser  fuzilado  em  praca  publica     ,1
boca de sapo,1
sera que o rato vai se ofender se eu fizer uma comparacao com este monte de bosta falante,1
ta nadando em dinheiro entao chamar de boca mole e o que menos importa e um ratao do banhado,1
boca de cloaca,1
parece mesmo com um sapo boi,1
desgracado bandido mais bandido ainda e quem vota numa desgraca dessa  eta povo burro ,1
raposao politico de profissao  ta no fim da carreira e o piaui o adora  eh boca mole eheheh,1
vai pagar muito boq na cadeia para outros presos com essa boca de buc inchada,1
voce e ingenuo ou um perfeito idiota ,1
esse balofo vai morrer pela boca ,1
debil mental ,1
morra ,1
melhor seria c u depois de diarreia,1
eu ja havia arranjado um apelido para ele aqui em casa ocuquefala,1
e tem mulher que se deita com issoate o todo feio tem uma filha lindaso nao sei se e dele,1
so de olhar pra cara desse sujeito ja da vontade de vomitar,1
pior que acho que nao so a boca que e mole mais feio que este so o cervero,1
melhor que todo feio mas no presidio vao dar outro apelido pra ele ruim de bokket,1
nao deve ser somente a boca que e moleo falecido nem  sobe mais,1
alem de tudo e debochado essa coisa  boca de geleia,1
prefiro ver o lula morto,1
cosmo santiago larga de ser mortadela e vai procurar emprego ,1
esses petebas sao piores que asnos puxadores de carroca,1
e a mesma denuncia burrao,1
o pior e que e a quinta ele nem pode contar nos dedos da mao que lhe falta kkkkkkkkkkkk,1
queremos ele morto,1
onu  kkkkkkkk onu e bosta e a mesma coisa seu anta,1
ele vai  sentir o peru entrar,1
o moro vai sentir o peru do aecio entrarkkkk,1
carlinha antinha a servico dos petebas ridicula,1
joao retardado presta atencao na gangue que esta tomando o brasil de assalto ,1
tanto coxinhas quanto mortadelas sao pamonhas,1
todo mortadela e vitima de sua propria ignorancia,1
concordo com o carlos isso aqui e lavagem cerebral pra asnos,1
vou festejar a prisao desse vermebarbudo mais que o ano novo,1
olha ai um esquerdopata cmedor de alfafa me negativou  ,1
bebeu creolina malucova estudar politica,1
esta chegando sua hora bode velho asqueroso,1
quesefodaessefdp e quem gosta e defende ele tbm,1
g canalhas e os comentariosenfia la,1
e um monte de bosta mesmo no minimo e do norte ou nordeste que trabalhar que e bom nao trabalha vive do bolsa familia por isso vai votar no luladrao,1
tremendo gozador esse daniel alcantara  mas se nao for gozacao lhe digo daniel deixa de falar bosta daniel,1
tu isso tu aquilo o gauchada boiola kkkk,1
guy gay boiola e tu e teu pai,1
sabe o que e foro privilegiado seu bosta  burro,1
vai dar de  pro lulao vai mas leva viagra,1
o filhodaphuta do brasil ,1
ai louca ta nervosinha,1
luis e mais um que o encantador de burros pegou,1
eduardo comedor de alfalfa rs,1
o encantador de burros pegou mais dois,1
boisonso voce esta errando no uso das virgulas,1
burro asno topeira,1
mulher grossa estupida e ignorante ,1
por favor nao abram as porteiras para que os jegues asnos e burros nao saiam,1
alem de burro e analfabeto,1
hahahahahaha jumento,1
primeiro vai aprender a escrever ignorante,1
vai la lamber as bolas dele,1
que tipo de idiota abestado e voce ,1
vai lavar panela sua vaca,1
e vc e um idiotao,1
isso nunca foi dito miseravel idiota,1
romulo come bosta,1
lizzie come bosta,1
alienada ,1
alienados ,1
esse juizeco do moro e  um canalha,1
tinha que ser baianoputz que povinho,1
kkkkk maior ladrao que merece a morte ,1
bruno cria um cerebro e pensa,1
sivil  vai estudar seu ignorante,1
silvio que grande asneira seu asno,1
cala essa boca jumento,1
pobre burro neque apoia a direita,1
ohhh doe um dos burros encantado pelo ladrao,1
  gabriel  voce  deve  ser  um  grande  covarde    se  voce  peidar  voce  se  caga  todo          ,1
esse asno ainda tem meu nome ta de sacanagem,1
kkkkkkkkkkkkk que idiota,1
psicopata seu doido ,1
sao paulinos gostam de mamar no cajado,1
flam e r d aflaf e z e sexcremengo,1
vc  deve ser retardado  ,1
enfia no rab o da sua mae,1
nossa tudo o que eu vejo na pagina do fluminense sao mulambos sem nada pra fazer porque em vez de ficar falando bosta nas paginas de outros times vai fazer uma coisa produtiva,1
o unico argumento que esse bosta tenta ter e de freguesiaai eu falo que freguesia kkkkkkkkkk os constantes rebaixamentos deixaram esses torcedores do vasquinho debiloides kkkkkkkkkkkkkkk,1
andre noiado ver se diminue o fumo ta dificil,1
coloco vc otario ou su amae,1
srn sou a r a b u d a do negao,1
eu passei na tua mulher e deixei minha g o z a d a,1
jkkkkkkkkkbosta de clubenao tem dinheiro pra contratar pra comprar camisa mas tem estadiokkkkkkkkkvice eternopiada do brasil segunda eu volto,1
p i r a n h a,1
treina num curral voce viu o ct pronto doente,1
inveja de uma bosta dessa que vai voltar pro lugar dele segundona,1
mais um jogo e o flaf e z e s sem estadione g l o b o,1
cala boca o idiota ,1
outro asno que nao sabe nada esse artur,1
esse time em que todos gostam de ceder a cauda,1
e vc e analfabeta,1
mas no sao paulo o apressado come c u,1
anderson zanin o famoso corneca    cornocareca,1
entupiu de gols as redes do cocoxa o mais rebaixado coritibibas coritibichascocouto   porqueira,1
comedor de trakinas,1
walter devia lutar sumo poderia se dar bem,1
o gordao ainda fica rindo consegue nem ficar de pe,1
burro,1
vadio esse walter,1
esse sorriso sonata nunca deve ter visto e nem jogado futebol marcelo e daniel alves jogam a anos em times de ponta da europa ja ganharam ds os titulo ja estiveram varias vezes na selecao do mundo e vem esse bosta falar q eles sao ruins,1
karen vai lavar a louca q ta suja,1
nossa traz mais uma ai pra nos beber gostei da  do parmerda neleskkkkkkkkk,1
ta com cara de quem peida na farofa kkkkkkk,1
devolve meu nick marica desocupado,1
aprende a escrever cavalo ,1
vc e bi da b sem mundial tanbem kkk,1
mais um sem mundial bi da b lesma verde  kkkkk,1
nossa anselma bibona invejosa sem criatividade,1
essa mina tem cara de cavalo ,1
ricardo tem cara de cavalo mas e uma potranca,1
jogando o milho e sentando no sabugo ne maria,1
cheiro de coco aqui,1
seu nome ja disse tudo e um maria mesmo,1
guilherme seu idiota,1
lurdinha burra,1
alo sua vai botar ovos suas fracast ,1
mierdas,1
time bosta cai gigante nunca kkkk,1
bi sexual ne e o unico bi que vo tem mane,1
com essas contratacoes as frangas vao tomar no oi,1
time de me r da,1
vendido foi a sua mae aquela vaca,1
vai chupar uma banana bixo histerico,1
e muita idiotice pra um cara so kkkkkkkkkkkkkk,1
adinaldo bibinha,1
ja nao basta um senador cagar para uma decisao do stf agora um advogado batendo de frente com um juiz kkkkk brasil um pais de inversao de valores,1
joao ostral um idiota assumido que beleza ,1
ahh  esqueci vagabundo nao trabalha,1
sua batata ja esquentou seu bebado e ladrao do povocadeia neles drsergio moro ,1
defeca pelos dedos,1
e com o a nus faz outra coisa,1
e os vermes do psdb aaaa isso nao vem ao caso  ,1
adoooooooooooro cala boca fela da p,1
advogado de bandido e bandido igual e tem que ser exterminado,1
idiota aparelhado,1
acho que o aecio nao telefonou para o juizeco hoje ta dando piti de saudades kkkkk,1
idiota,1
idiota aparelhado,1
a mamis ja foi ne mas eu chamo sua mulher  de mamis sabe nada inocente,1
adianaldo  a prega no final continua firme e forte ,1
igual a da sua mamis uma prega indestrutivel  kkkkkkkkkkk,1
ruy vc acreditava no japa da federal tb ne jumento,1
entrou no seu fedidinho junior  esse ui e proprio da sua gayzisse,1
doeu o buraco do coxa,1
doeu o buraco do peta,1
o dia do seu macho vai chegar aguarde compre lenco pro choro esterco humano,1
alexandre esta maluco so pode comeu titica quando crianca,1
olha se fosse assim ja tinham prendido e esquartejado o luladrao e kd ,1
e isso  ai rafael aqui esta  cheio de analfabeto querendo dar pitaco,1
junior no nome e marmota nas atitudes ooooooo sujeitando tapado,1
vai se tratar doente,1
idiota,1
eternos alienados e analfabetos petralhas,1
andre tu e uma besta  ,1
uma so e pouco besta ao quadrado ,1
e muito bom ver mortadelas desesperadasnervosas nos comentarios alheioskkkkkkk,1
la vem mais um afeminado peta invadir comentario alheio uiiiiiiii nojentaaaa,1
quando sua me devolver o troco de r  pelo servico oral que ela me fez,1
quando ele abusar sua mae  retardado,1
aluisio tu es um verdadeiro idiota,1
adinaldo kkkkkkkkkkkk de novo defe cando mortadela,1
nao junior soares defequei uns juniorizinhos soares aqui,1
paulo extirpado vai seu c u,1
todos com o nordeste sempre os bandidos estao todos no sudeste,1
nao joga nada  ainda esnoba o brasil  espanhol  de merd,1
esse bofe do joao paulo alem de ser lindo deve ter um paulo maravilhoso noizinhas do mengao amamos srnsomos rabudas negao  dcm diametro crfcheirinho r fedida,1
noizinhas do mengao temos um urubu que se chama nku para os jogos neste ano contra os bofes dos outros times devemos levar nku ou deixar nku por favor o que devemos fazer srnsomos rabudas negao  dcm diametro crfcheirinho r fedida,1
o foguinho tem a conmebosta kkkkk,1
conca ta bixado manekkkkkkkk,1
menor fica minha piroka quanto mais da metade ja ta dentro docusso da sua mae,1
enquanto issoo palmerda bi rebaixado continua sem mundial kkkkkkkkkkkkkkkkkkkkkkkkkkkkk,1
chola mais florzinhas,1
vai procurar uma pra mamar freddie mercury e o melhor que saber fazer rubroneca,1
velho babao para de falar asneiras na nossa pagina,1
sonha boneca,1
aa que isso  as tricoletes estao descontroladas,1
ja temos umseu abestado,1
rubronecas,1
vai retocar a maquiagem tricolete o frufru nao come ninguem ele e comido ,1
teu c,1
idolo do fudinense e serie b teve que entrar na justicao pra nao cair,1
as rosquinhas das tricoletes estao ardendo por causa do conca pode   ,1
dorzinha de cotovelo e coisa de florzinha einmimimimi ,1
as florzinhas ficaram chateadas kkkkkkkkkkkkkkkkkkkkkkkk,1
mulambos subornadores paguem a serie b,1
mulambos  nao passam da primeira fase da liberta  quem viver vera  vao ficar so no cheirin de novo frameigo o clube mais cheiroso do brasil  kkkkk,1
meigos eles sao mas cheiroso nao fedem a urubu,1
eu quero ver o abel brucututreinando esse time de bonequinhasnao vai da certo ,1
so digo outra coisa  fdss,1
seu idiota flamengo nao vai pagar o salario do conca integramente e ele  vai receber  so quando comecar a jogar fala besteiras nao,1
ele vai jogar de graca kkkkk seu retardadodaqui a seis meses ele vai ficar mais ricoe vcs sem titulos sem vitoria e o cheirinho de joelho podre aumentara custo beneficio zeroentendeu sid noiakkkkkkkkta com diarreia mentalkkkkk,1
kkkkkkkk com uns caras desses quem quer jogar no fudinense ,1
fudinense e a melhor  kkkkkkkkkkkkkkkkkkkkkkkkkkkkkkkkkkkkkkkkkkkkkkkkkkkkkkkkkkkkkkkkkkkkkkkkkkkkkkkkkkkkkkkkkkkkkkkkkkkkkkkkkkkkkkkkkkkkkkkk,1
a calcinha da tua mae ja tirei faz tempo e com facilidade pergunta pra ela,1
a progenitora dessa fezes esqueceu de dar descarga quando largou dentro do sanitario obs ela nao usa calcinha,1
de grande flamengaysta so gosta mesmo e da torcida as rubronecas nem se importa se e torcida para a esquerda ou para direita mas tem que ser grande,1
estao melando as calcinhas as tricoflorzinhas,1
em resumo deve ser um idiota,1
viadage total isso ai,1
torcendo pro cruz subir e enfrentar o aldo alguns low kicks do brazuca ja sao suficientes pra destruir os joelhos do cruz e consequentemente acabar com a carreira daquela desgraca ,1
ele chamava pra atras da escola e sentava nos garotos kkkk,1
viadage master essa de vcs kkkkkk,1
ridicula vergonha para a familia e para o filho,1
cola velcro perdeu o meu respeito,1
sapatao,1
canta com se tivesse engolindo  litro de porra,1
vai roubar a neve tambem,1
estragando a paisagem,1
roubou ate a neve brancamacaca,1
lixo do crl,1
ela esta fazendo isso para aparecer nao e gay coisa nenhuma e uma vergonha isso sim,1
volta pra jaula sua macaca vou pegar meu xicote sua preta fudida,1
achei que a macaca vivia apenas na floresta ou no zologico,1
espera essa neve derreter e usa ela pra lavar louca,1
